,Apnea,Normal
Mean_Amp,0.01461439048006572,-0.0033846463973094625
Std_Dev_Amp,0.5080334394917945,0.49563717572123445
Max_Amp,1.0187371480866318,0.758413644029523
Min_Amp,-1.1170243954525765,-0.7610742032066616
Skewness,-0.09628174732105199,0.010032065252755362
Kurtosis,-1.443925081432978,-1.492622913727468
RMS_Energy,0.5082570550010648,0.49565970962943645
RMSSD,0.11955942557501015,0.03359208960624928
Zero_Crossings,78.70276325616132,31.89023467070401
